years,Nitrogen oxides,Ammonia,Carbon monoxide,Carbon dioxide,Methane,Benzene,Dichloromethane,Chloroform,Tetrachloroethylene,Trichloroethylene,"1,2-Dichloroethane"
2011,100.0,100.0,100.0,100.0,100.0,100.0,100.0,100.0,100.0,100.0,100.0
2012,99.6,103.3,98.5,99.8,101.7,92.6,93.1,94.3,90.2,94.6,118.0
2013,93.6,106.9,96.9,96.2,100.8,114.5,87.4,95.3,85.0,89.3,93.7
2014,92.4,114.9,89.4,95.2,100.4,98.6,86.2,76.2,81.2,85.4,151.1
2015,87.7,128.0,77.6,94.9,101.2,84.5,83.8,78.1,71.3,83.4,99.1
2016,80.4,121.5,74.1,93.3,99.2,92.1,82.2,99.5,61.4,79.3,87.3
2017,83.2,129.7,98.9,97.1,97.4,88.4,81.1,81.2,66.4,76.9,98.9
2018,76.2,153.4,70.7,98.5,111.6,85.6,84.2,95.5,60.2,79.3,129.1
2019,71.4,136.0,70.1,92.3,94.0,73.1,72.6,75.0,56.0,70.5,93.6
2020,66.1,130.6,73.7,79.1,94.0,69.6,70.5,129.9,46.3,55.2,131.7
2021,62.1,112.7,80.0,81.5,100.0,73.1,74.6,68.3,52.3,64.5,105.3
2022,65.8,105.8,75.2,84.0,93.6,81.7,67.6,54.9,47.5,62.0,108.9
