,Driver,LapNumber,Compound
0,NOR,1.0,MEDIUM
1,NOR,2.0,MEDIUM
2,NOR,3.0,MEDIUM
3,NOR,4.0,MEDIUM
4,NOR,5.0,MEDIUM
5,NOR,6.0,MEDIUM
6,NOR,7.0,MEDIUM
7,NOR,8.0,MEDIUM
8,NOR,9.0,MEDIUM
9,NOR,10.0,MEDIUM
10,NOR,11.0,MEDIUM
11,NOR,12.0,MEDIUM
12,NOR,13.0,MEDIUM
13,NOR,14.0,MEDIUM
14,NOR,15.0,MEDIUM
15,NOR,16.0,MEDIUM
16,NOR,17.0,MEDIUM
17,NOR,18.0,MEDIUM
18,NOR,19.0,MEDIUM
19,NOR,20.0,MEDIUM
20,NOR,21.0,MEDIUM
21,NOR,22.0,MEDIUM
22,NOR,23.0,MEDIUM
23,NOR,24.0,MEDIUM
24,NOR,25.0,MEDIUM
25,NOR,26.0,MEDIUM
26,NOR,27.0,MEDIUM
27,NOR,28.0,MEDIUM
28,NOR,29.0,HARD
29,NOR,30.0,HARD
30,NOR,31.0,HARD
31,NOR,32.0,HARD
32,NOR,33.0,HARD
33,NOR,34.0,HARD
34,NOR,35.0,HARD
35,NOR,36.0,HARD
36,NOR,37.0,HARD
37,NOR,38.0,HARD
38,NOR,39.0,MEDIUM
39,NOR,40.0,MEDIUM
40,NOR,41.0,MEDIUM
41,NOR,42.0,MEDIUM
42,NOR,43.0,MEDIUM
43,NOR,44.0,MEDIUM
44,NOR,45.0,MEDIUM
45,NOR,46.0,MEDIUM
46,NOR,47.0,MEDIUM
47,NOR,48.0,MEDIUM
48,NOR,49.0,SOFT
49,NOR,50.0,SOFT
50,NOR,51.0,SOFT
51,NOR,52.0,SOFT
52,GAS,1.0,MEDIUM
53,GAS,2.0,MEDIUM
54,GAS,3.0,MEDIUM
55,GAS,4.0,MEDIUM
56,GAS,5.0,MEDIUM
57,GAS,6.0,MEDIUM
58,GAS,7.0,MEDIUM
59,GAS,8.0,MEDIUM
60,GAS,9.0,MEDIUM
61,GAS,10.0,MEDIUM
62,GAS,11.0,MEDIUM
63,GAS,12.0,MEDIUM
64,GAS,13.0,MEDIUM
65,GAS,14.0,MEDIUM
66,GAS,15.0,MEDIUM
67,GAS,16.0,MEDIUM
68,GAS,17.0,MEDIUM
69,GAS,18.0,MEDIUM
70,GAS,19.0,MEDIUM
71,GAS,20.0,MEDIUM
72,GAS,21.0,MEDIUM
73,GAS,22.0,MEDIUM
74,GAS,23.0,MEDIUM
75,GAS,24.0,HARD
76,GAS,25.0,HARD
77,GAS,26.0,HARD
78,GAS,27.0,HARD
79,GAS,28.0,HARD
80,GAS,29.0,HARD
81,GAS,30.0,HARD
82,GAS,31.0,HARD
83,GAS,32.0,HARD
84,GAS,33.0,HARD
85,GAS,34.0,HARD
86,GAS,35.0,HARD
87,GAS,36.0,HARD
88,GAS,37.0,HARD
89,GAS,38.0,HARD
90,GAS,39.0,HARD
91,GAS,40.0,HARD
92,GAS,41.0,HARD
93,GAS,42.0,HARD
94,GAS,43.0,HARD
95,GAS,44.0,HARD
96,GAS,45.0,HARD
97,GAS,46.0,HARD
98,GAS,47.0,HARD
99,GAS,48.0,HARD
100,GAS,49.0,SOFT
101,GAS,50.0,SOFT
102,GAS,51.0,SOFT
103,GAS,52.0,SOFT
104,PER,1.0,MEDIUM
105,PER,2.0,MEDIUM
106,PER,3.0,MEDIUM
107,PER,4.0,MEDIUM
108,PER,5.0,MEDIUM
109,PER,6.0,MEDIUM
110,PER,7.0,MEDIUM
111,PER,8.0,MEDIUM
112,PER,9.0,MEDIUM
113,PER,10.0,MEDIUM
114,PER,11.0,MEDIUM
115,PER,12.0,MEDIUM
116,PER,13.0,MEDIUM
117,PER,14.0,MEDIUM
118,PER,15.0,MEDIUM
119,PER,16.0,MEDIUM
120,PER,17.0,MEDIUM
121,PER,18.0,MEDIUM
122,PER,19.0,MEDIUM
123,PER,20.0,MEDIUM
124,PER,21.0,MEDIUM
125,PER,22.0,HARD
126,PER,23.0,HARD
127,PER,24.0,HARD
128,PER,25.0,HARD
129,PER,26.0,HARD
130,PER,27.0,HARD
131,PER,28.0,HARD
132,PER,29.0,HARD
133,PER,30.0,HARD
134,PER,31.0,HARD
135,PER,32.0,HARD
136,PER,33.0,HARD
137,PER,34.0,HARD
138,PER,35.0,HARD
139,PER,36.0,HARD
140,PER,37.0,HARD
141,PER,38.0,HARD
142,PER,39.0,HARD
143,PER,40.0,HARD
144,PER,41.0,HARD
145,PER,42.0,HARD
146,PER,43.0,HARD
147,PER,44.0,HARD
148,PER,45.0,HARD
149,PER,46.0,HARD
150,PER,47.0,SOFT
151,PER,48.0,SOFT
152,PER,49.0,SOFT
153,PER,50.0,SOFT
154,PER,51.0,SOFT
155,PER,52.0,SOFT
156,ANT,1.0,MEDIUM
157,ANT,2.0,MEDIUM
158,ANT,3.0,MEDIUM
159,ANT,4.0,MEDIUM
160,ANT,5.0,MEDIUM
161,ANT,6.0,MEDIUM
162,ANT,7.0,MEDIUM
163,ANT,8.0,MEDIUM
164,ANT,9.0,MEDIUM
165,ANT,10.0,MEDIUM
166,ANT,11.0,MEDIUM
167,ANT,12.0,MEDIUM
168,ANT,13.0,MEDIUM
169,ANT,14.0,MEDIUM
170,ANT,15.0,MEDIUM
171,ANT,16.0,MEDIUM
172,ANT,17.0,MEDIUM
173,ANT,18.0,MEDIUM
174,ANT,19.0,MEDIUM
175,ANT,20.0,MEDIUM
176,ANT,21.0,MEDIUM
177,ANT,22.0,MEDIUM
178,ANT,23.0,MEDIUM
179,ANT,24.0,MEDIUM
180,ANT,25.0,MEDIUM
181,ANT,26.0,MEDIUM
182,ANT,27.0,MEDIUM
183,ANT,28.0,MEDIUM
184,ANT,29.0,MEDIUM
185,ANT,30.0,MEDIUM
186,ANT,31.0,MEDIUM
187,ANT,32.0,MEDIUM
188,ANT,33.0,MEDIUM
189,ANT,34.0,MEDIUM
190,ANT,35.0,MEDIUM
191,ANT,36.0,HARD
192,ANT,37.0,HARD
193,ANT,38.0,HARD
194,ANT,39.0,HARD
195,ANT,40.0,HARD
196,ANT,41.0,HARD
197,ANT,42.0,MEDIUM
198,ANT,43.0,MEDIUM
199,ANT,44.0,MEDIUM
200,ANT,45.0,MEDIUM
201,ANT,46.0,MEDIUM
202,ANT,47.0,MEDIUM
203,ANT,48.0,MEDIUM
204,ANT,49.0,MEDIUM
205,ANT,50.0,MEDIUM
206,ANT,51.0,MEDIUM
207,ANT,52.0,MEDIUM
208,ALO,1.0,MEDIUM
209,ALO,2.0,MEDIUM
210,ALO,3.0,MEDIUM
211,ALO,4.0,MEDIUM
212,ALO,5.0,MEDIUM
213,ALO,6.0,MEDIUM
214,ALO,7.0,MEDIUM
215,ALO,8.0,MEDIUM
216,ALO,9.0,MEDIUM
217,ALO,10.0,MEDIUM
218,ALO,11.0,MEDIUM
219,ALO,12.0,MEDIUM
220,ALO,13.0,MEDIUM
221,ALO,14.0,MEDIUM
222,ALO,15.0,MEDIUM
223,ALO,16.0,MEDIUM
224,ALO,17.0,MEDIUM
225,ALO,18.0,MEDIUM
226,ALO,19.0,MEDIUM
227,ALO,20.0,MEDIUM
228,ALO,21.0,HARD
229,ALO,22.0,HARD
230,ALO,23.0,HARD
231,ALO,24.0,HARD
232,ALO,25.0,HARD
233,ALO,26.0,HARD
234,ALO,27.0,HARD
235,ALO,28.0,HARD
236,ALO,29.0,HARD
237,ALO,30.0,HARD
238,ALO,31.0,HARD
239,ALO,32.0,HARD
240,ALO,33.0,HARD
241,ALO,34.0,HARD
242,ALO,35.0,HARD
243,ALO,36.0,HARD
244,ALO,37.0,HARD
245,ALO,38.0,HARD
246,ALO,39.0,HARD
247,ALO,40.0,HARD
248,ALO,41.0,HARD
249,ALO,42.0,HARD
250,ALO,43.0,HARD
251,ALO,44.0,HARD
252,ALO,45.0,HARD
253,ALO,46.0,HARD
254,ALO,47.0,SOFT
255,ALO,48.0,SOFT
256,ALO,49.0,SOFT
257,ALO,50.0,SOFT
258,ALO,51.0,SOFT
259,LEC,1.0,MEDIUM
260,LEC,2.0,MEDIUM
261,LEC,3.0,MEDIUM
262,LEC,4.0,MEDIUM
263,LEC,5.0,MEDIUM
264,LEC,6.0,MEDIUM
265,LEC,7.0,MEDIUM
266,LEC,8.0,MEDIUM
267,LEC,9.0,MEDIUM
268,LEC,10.0,MEDIUM
269,LEC,11.0,MEDIUM
270,LEC,12.0,MEDIUM
271,LEC,13.0,MEDIUM
272,LEC,14.0,MEDIUM
273,LEC,15.0,MEDIUM
274,LEC,16.0,MEDIUM
275,LEC,17.0,MEDIUM
276,LEC,18.0,MEDIUM
277,LEC,19.0,MEDIUM
278,LEC,20.0,MEDIUM
279,LEC,21.0,MEDIUM
280,LEC,22.0,MEDIUM
281,LEC,23.0,MEDIUM
282,LEC,24.0,MEDIUM
283,LEC,25.0,MEDIUM
284,LEC,26.0,HARD
285,LEC,27.0,HARD
286,LEC,28.0,HARD
287,LEC,29.0,HARD
288,LEC,30.0,HARD
289,LEC,31.0,HARD
290,LEC,32.0,HARD
291,LEC,33.0,HARD
292,LEC,34.0,HARD
293,LEC,35.0,HARD
294,LEC,36.0,HARD
295,LEC,37.0,HARD
296,LEC,38.0,HARD
297,LEC,39.0,HARD
298,LEC,40.0,HARD
299,LEC,41.0,HARD
300,LEC,42.0,HARD
301,LEC,43.0,HARD
302,LEC,44.0,HARD
303,LEC,45.0,HARD
304,LEC,46.0,HARD
305,LEC,47.0,HARD
306,LEC,48.0,HARD
307,LEC,49.0,SOFT
308,LEC,50.0,SOFT
309,LEC,51.0,SOFT
310,LEC,52.0,SOFT
311,STR,1.0,MEDIUM
312,STR,2.0,MEDIUM
313,STR,3.0,MEDIUM
314,STR,4.0,MEDIUM
315,STR,5.0,MEDIUM
316,STR,6.0,MEDIUM
317,STR,7.0,MEDIUM
318,STR,8.0,MEDIUM
319,STR,9.0,MEDIUM
320,STR,10.0,MEDIUM
321,STR,11.0,MEDIUM
322,STR,12.0,MEDIUM
323,STR,13.0,MEDIUM
324,STR,14.0,MEDIUM
325,STR,15.0,MEDIUM
326,STR,16.0,MEDIUM
327,STR,17.0,MEDIUM
328,STR,18.0,MEDIUM
329,STR,19.0,HARD
330,STR,20.0,HARD
331,STR,21.0,HARD
332,STR,22.0,HARD
333,STR,23.0,HARD
334,STR,24.0,HARD
335,STR,25.0,HARD
336,STR,26.0,HARD
337,STR,27.0,HARD
338,STR,28.0,HARD
339,STR,29.0,HARD
340,STR,30.0,HARD
341,STR,31.0,HARD
342,STR,32.0,HARD
343,STR,33.0,HARD
344,STR,34.0,HARD
345,STR,35.0,HARD
346,STR,36.0,HARD
347,STR,37.0,HARD
348,STR,38.0,HARD
349,STR,39.0,HARD
350,STR,40.0,HARD
351,STR,41.0,HARD
352,STR,42.0,HARD
353,STR,43.0,HARD
354,STR,44.0,HARD
355,STR,45.0,HARD
356,STR,46.0,HARD
357,STR,47.0,SOFT
358,STR,48.0,SOFT
359,STR,49.0,SOFT
360,STR,50.0,SOFT
361,STR,51.0,SOFT
362,ALB,1.0,MEDIUM
363,ALB,2.0,HARD
364,ALB,3.0,HARD
365,ALB,4.0,HARD
366,ALB,5.0,HARD
367,ALB,6.0,HARD
368,ALB,7.0,HARD
369,ALB,8.0,HARD
370,ALB,9.0,HARD
371,ALB,10.0,HARD
372,ALB,11.0,HARD
373,ALB,12.0,HARD
374,ALB,13.0,HARD
375,ALB,14.0,HARD
376,ALB,15.0,MEDIUM
377,ALB,16.0,MEDIUM
378,ALB,17.0,MEDIUM
379,ALB,18.0,MEDIUM
380,ALB,19.0,MEDIUM
381,ALB,20.0,MEDIUM
382,ALB,21.0,MEDIUM
383,ALB,22.0,MEDIUM
384,ALB,23.0,MEDIUM
385,ALB,24.0,SOFT
386,ALB,25.0,SOFT
387,ALB,26.0,SOFT
388,ALB,27.0,SOFT
389,ALB,28.0,SOFT
390,ALB,29.0,SOFT
391,ALB,30.0,SOFT
392,ALB,31.0,SOFT
393,ALB,32.0,SOFT
394,ALB,33.0,SOFT
395,ALB,34.0,SOFT
396,ALB,35.0,SOFT
397,ALB,36.0,SOFT
398,ALB,37.0,SOFT
399,ALB,38.0,SOFT
400,ALB,39.0,SOFT
401,ALB,40.0,SOFT
402,ALB,41.0,SOFT
403,ALB,42.0,SOFT
404,ALB,43.0,SOFT
405,HUL,1.0,MEDIUM
406,HUL,2.0,MEDIUM
407,HUL,3.0,MEDIUM
408,HUL,4.0,MEDIUM
409,HUL,5.0,MEDIUM
410,HUL,6.0,MEDIUM
411,HUL,7.0,MEDIUM
412,HUL,8.0,MEDIUM
413,HUL,9.0,MEDIUM
414,HUL,10.0,MEDIUM
415,HUL,11.0,MEDIUM
416,HUL,12.0,MEDIUM
417,HUL,13.0,MEDIUM
418,HUL,14.0,MEDIUM
419,HUL,15.0,MEDIUM
420,HUL,16.0,MEDIUM
421,HUL,17.0,MEDIUM
422,HUL,18.0,HARD
423,HUL,19.0,HARD
424,HUL,20.0,HARD
425,HUL,21.0,HARD
426,HUL,22.0,HARD
427,HUL,23.0,HARD
428,HUL,24.0,HARD
429,HUL,25.0,HARD
430,HUL,26.0,HARD
431,HUL,27.0,HARD
432,HUL,28.0,HARD
433,HUL,29.0,HARD
434,HUL,30.0,HARD
435,HUL,31.0,HARD
436,HUL,32.0,HARD
437,HUL,33.0,HARD
438,HUL,34.0,HARD
439,HUL,35.0,SOFT
440,HUL,36.0,SOFT
441,HUL,37.0,SOFT
442,VER,1.0,MEDIUM
443,VER,2.0,MEDIUM
444,VER,3.0,MEDIUM
445,VER,4.0,MEDIUM
446,VER,5.0,MEDIUM
447,VER,6.0,MEDIUM
448,VER,7.0,MEDIUM
449,VER,8.0,MEDIUM
450,VER,9.0,MEDIUM
451,VER,10.0,MEDIUM
452,VER,11.0,MEDIUM
453,VER,12.0,MEDIUM
454,VER,13.0,MEDIUM
455,VER,14.0,MEDIUM
456,VER,15.0,MEDIUM
457,VER,16.0,MEDIUM
458,VER,17.0,MEDIUM
459,VER,18.0,HARD
460,VER,19.0,HARD
461,VER,20.0,HARD
462,VER,21.0,HARD
463,VER,22.0,HARD
464,VER,23.0,HARD
465,VER,24.0,HARD
466,VER,25.0,HARD
467,VER,26.0,HARD
468,VER,27.0,HARD
469,VER,28.0,HARD
470,VER,29.0,HARD
471,VER,30.0,HARD
472,VER,31.0,HARD
473,VER,32.0,HARD
474,VER,33.0,HARD
475,VER,34.0,HARD
476,VER,35.0,HARD
477,VER,36.0,HARD
478,VER,37.0,HARD
479,VER,38.0,HARD
480,VER,39.0,MEDIUM
481,VER,40.0,MEDIUM
482,VER,41.0,MEDIUM
483,VER,42.0,MEDIUM
484,VER,43.0,MEDIUM
485,VER,44.0,MEDIUM
486,VER,45.0,MEDIUM
487,VER,46.0,MEDIUM
488,VER,47.0,MEDIUM
489,LAW,1.0,MEDIUM
490,LAW,2.0,MEDIUM
491,LAW,3.0,MEDIUM
492,LAW,4.0,MEDIUM
493,LAW,5.0,MEDIUM
494,LAW,6.0,MEDIUM
495,LAW,7.0,MEDIUM
496,LAW,8.0,MEDIUM
497,LAW,9.0,MEDIUM
498,LAW,10.0,MEDIUM
499,LAW,11.0,MEDIUM
500,LAW,12.0,MEDIUM
501,LAW,13.0,MEDIUM
502,LAW,14.0,MEDIUM
503,LAW,15.0,MEDIUM
504,LAW,16.0,MEDIUM
505,LAW,17.0,MEDIUM
506,LAW,18.0,MEDIUM
507,LAW,19.0,MEDIUM
508,LAW,20.0,MEDIUM
509,LAW,21.0,MEDIUM
510,LAW,22.0,MEDIUM
511,LAW,23.0,MEDIUM
512,LAW,24.0,MEDIUM
513,LAW,25.0,MEDIUM
514,LAW,26.0,MEDIUM
515,LAW,27.0,MEDIUM
516,LAW,28.0,MEDIUM
517,LAW,29.0,HARD
518,LAW,30.0,HARD
519,LAW,31.0,HARD
520,LAW,32.0,HARD
521,LAW,33.0,HARD
522,LAW,34.0,HARD
523,LAW,35.0,HARD
524,LAW,36.0,HARD
525,LAW,37.0,HARD
526,LAW,38.0,HARD
527,LAW,39.0,HARD
528,LAW,40.0,HARD
529,LAW,41.0,HARD
530,LAW,42.0,HARD
531,LAW,43.0,HARD
532,LAW,44.0,HARD
533,LAW,45.0,HARD
534,LAW,46.0,HARD
535,LAW,47.0,HARD
536,LAW,48.0,SOFT
537,LAW,49.0,SOFT
538,LAW,50.0,SOFT
539,LAW,51.0,SOFT
540,LAW,52.0,SOFT
541,OCO,1.0,MEDIUM
542,OCO,2.0,MEDIUM
543,OCO,3.0,MEDIUM
544,OCO,4.0,MEDIUM
545,OCO,5.0,MEDIUM
546,OCO,6.0,MEDIUM
547,OCO,7.0,MEDIUM
548,OCO,8.0,MEDIUM
549,OCO,9.0,MEDIUM
550,OCO,10.0,MEDIUM
551,OCO,11.0,MEDIUM
552,OCO,12.0,MEDIUM
553,OCO,13.0,MEDIUM
554,OCO,14.0,MEDIUM
555,OCO,15.0,MEDIUM
556,OCO,16.0,MEDIUM
557,OCO,17.0,MEDIUM
558,OCO,18.0,MEDIUM
559,OCO,19.0,MEDIUM
560,OCO,20.0,MEDIUM
561,OCO,21.0,MEDIUM
562,OCO,22.0,HARD
563,OCO,23.0,HARD
564,OCO,24.0,HARD
565,OCO,25.0,HARD
566,OCO,26.0,HARD
567,OCO,27.0,HARD
568,OCO,28.0,HARD
569,OCO,29.0,HARD
570,OCO,30.0,HARD
571,OCO,31.0,HARD
572,OCO,32.0,HARD
573,OCO,33.0,HARD
574,OCO,34.0,HARD
575,OCO,35.0,HARD
576,OCO,36.0,HARD
577,OCO,37.0,HARD
578,OCO,38.0,HARD
579,OCO,39.0,HARD
580,OCO,40.0,HARD
581,OCO,41.0,HARD
582,OCO,42.0,HARD
583,OCO,43.0,HARD
584,OCO,44.0,HARD
585,OCO,45.0,HARD
586,OCO,46.0,HARD
587,OCO,47.0,HARD
588,OCO,48.0,SOFT
589,OCO,49.0,SOFT
590,OCO,50.0,SOFT
591,OCO,51.0,SOFT
592,OCO,52.0,SOFT
593,LIN,1.0,MEDIUM
594,LIN,2.0,MEDIUM
595,LIN,3.0,MEDIUM
596,LIN,4.0,MEDIUM
597,LIN,5.0,MEDIUM
598,LIN,6.0,MEDIUM
599,LIN,7.0,MEDIUM
600,LIN,8.0,MEDIUM
601,LIN,9.0,MEDIUM
602,LIN,10.0,MEDIUM
603,LIN,11.0,MEDIUM
604,LIN,12.0,MEDIUM
605,LIN,13.0,MEDIUM
606,LIN,14.0,MEDIUM
607,LIN,15.0,MEDIUM
608,LIN,16.0,MEDIUM
609,LIN,17.0,MEDIUM
610,LIN,18.0,MEDIUM
611,LIN,19.0,MEDIUM
612,LIN,20.0,MEDIUM
613,LIN,21.0,MEDIUM
614,LIN,22.0,MEDIUM
615,LIN,23.0,MEDIUM
616,LIN,24.0,MEDIUM
617,LIN,25.0,MEDIUM
618,LIN,26.0,MEDIUM
619,LIN,27.0,MEDIUM
620,LIN,28.0,HARD
621,LIN,29.0,HARD
622,LIN,30.0,HARD
623,LIN,31.0,HARD
624,LIN,32.0,HARD
625,LIN,33.0,HARD
626,LIN,34.0,HARD
627,LIN,35.0,HARD
628,LIN,36.0,HARD
629,LIN,37.0,HARD
630,LIN,38.0,HARD
631,LIN,39.0,HARD
632,LIN,40.0,HARD
633,LIN,41.0,HARD
634,LIN,42.0,HARD
635,LIN,43.0,HARD
636,LIN,44.0,HARD
637,LIN,45.0,HARD
638,LIN,46.0,HARD
639,LIN,47.0,HARD
640,LIN,48.0,SOFT
641,LIN,49.0,SOFT
642,LIN,50.0,SOFT
643,LIN,51.0,SOFT
644,LIN,52.0,SOFT
645,COL,1.0,MEDIUM
646,COL,2.0,MEDIUM
647,COL,3.0,MEDIUM
648,COL,4.0,MEDIUM
649,COL,5.0,MEDIUM
650,COL,6.0,MEDIUM
651,COL,7.0,MEDIUM
652,COL,8.0,MEDIUM
653,COL,9.0,MEDIUM
654,COL,10.0,MEDIUM
655,COL,11.0,MEDIUM
656,COL,12.0,MEDIUM
657,COL,13.0,MEDIUM
658,COL,14.0,MEDIUM
659,COL,15.0,MEDIUM
660,COL,16.0,MEDIUM
661,COL,17.0,MEDIUM
662,COL,18.0,MEDIUM
663,COL,19.0,MEDIUM
664,COL,20.0,MEDIUM
665,COL,21.0,MEDIUM
666,COL,22.0,MEDIUM
667,COL,23.0,HARD
668,COL,24.0,HARD
669,COL,25.0,HARD
670,COL,26.0,HARD
671,COL,27.0,HARD
672,COL,28.0,HARD
673,COL,29.0,HARD
674,COL,30.0,HARD
675,COL,31.0,HARD
676,COL,32.0,HARD
677,COL,33.0,HARD
678,COL,34.0,HARD
679,COL,35.0,HARD
680,COL,36.0,HARD
681,COL,37.0,HARD
682,COL,38.0,HARD
683,COL,39.0,HARD
684,COL,40.0,HARD
685,COL,41.0,HARD
686,COL,42.0,HARD
687,COL,43.0,HARD
688,COL,44.0,HARD
689,COL,45.0,HARD
690,COL,46.0,HARD
691,COL,47.0,HARD
692,COL,48.0,SOFT
693,COL,49.0,SOFT
694,COL,50.0,SOFT
695,COL,51.0,SOFT
696,COL,52.0,SOFT
697,HAM,1.0,MEDIUM
698,HAM,2.0,MEDIUM
699,HAM,3.0,MEDIUM
700,HAM,4.0,MEDIUM
701,HAM,5.0,MEDIUM
702,HAM,6.0,MEDIUM
703,HAM,7.0,MEDIUM
704,HAM,8.0,MEDIUM
705,HAM,9.0,MEDIUM
706,HAM,10.0,MEDIUM
707,HAM,11.0,MEDIUM
708,HAM,12.0,MEDIUM
709,HAM,13.0,MEDIUM
710,HAM,14.0,MEDIUM
711,HAM,15.0,MEDIUM
712,HAM,16.0,MEDIUM
713,HAM,17.0,MEDIUM
714,HAM,18.0,MEDIUM
715,HAM,19.0,MEDIUM
716,HAM,20.0,MEDIUM
717,HAM,21.0,MEDIUM
718,HAM,22.0,MEDIUM
719,HAM,23.0,MEDIUM
720,HAM,24.0,HARD
721,HAM,25.0,HARD
722,HAM,26.0,HARD
723,HAM,27.0,HARD
724,HAM,28.0,HARD
725,HAM,29.0,HARD
726,HAM,30.0,HARD
727,HAM,31.0,HARD
728,HAM,32.0,HARD
729,HAM,33.0,HARD
730,HAM,34.0,HARD
731,HAM,35.0,HARD
732,HAM,36.0,HARD
733,HAM,37.0,HARD
734,HAM,38.0,HARD
735,HAM,39.0,HARD
736,HAM,40.0,HARD
737,HAM,41.0,HARD
738,HAM,42.0,HARD
739,HAM,43.0,HARD
740,HAM,44.0,HARD
741,HAM,45.0,HARD
742,HAM,46.0,HARD
743,HAM,47.0,HARD
744,HAM,48.0,HARD
745,HAM,49.0,SOFT
746,HAM,50.0,SOFT
747,HAM,51.0,SOFT
748,HAM,52.0,SOFT
749,BOR,1.0,MEDIUM
750,BOR,2.0,MEDIUM
751,BOR,3.0,MEDIUM
752,BOR,4.0,MEDIUM
753,BOR,5.0,MEDIUM
754,BOR,6.0,MEDIUM
755,BOR,7.0,MEDIUM
756,BOR,8.0,MEDIUM
757,BOR,9.0,MEDIUM
758,BOR,10.0,MEDIUM
759,BOR,11.0,MEDIUM
760,BOR,12.0,MEDIUM
761,BOR,13.0,MEDIUM
762,BOR,14.0,MEDIUM
763,BOR,15.0,MEDIUM
764,BOR,16.0,MEDIUM
765,BOR,17.0,MEDIUM
766,BOR,18.0,MEDIUM
767,BOR,19.0,MEDIUM
768,BOR,20.0,MEDIUM
769,BOR,21.0,MEDIUM
770,BOR,22.0,MEDIUM
771,BOR,23.0,MEDIUM
772,BOR,24.0,MEDIUM
773,BOR,25.0,MEDIUM
774,BOR,26.0,MEDIUM
775,BOR,27.0,HARD
776,BOR,28.0,HARD
777,BOR,29.0,HARD
778,BOR,30.0,HARD
779,BOR,31.0,HARD
780,BOR,32.0,HARD
781,BOR,33.0,HARD
782,BOR,34.0,HARD
783,BOR,35.0,HARD
784,BOR,36.0,HARD
785,BOR,37.0,HARD
786,BOR,38.0,HARD
787,BOR,39.0,HARD
788,BOR,40.0,HARD
789,BOR,41.0,HARD
790,BOR,42.0,HARD
791,BOR,43.0,HARD
792,BOR,44.0,HARD
793,BOR,45.0,HARD
794,BOR,46.0,HARD
795,BOR,47.0,HARD
796,BOR,48.0,SOFT
797,BOR,49.0,SOFT
798,BOR,50.0,SOFT
799,BOR,51.0,SOFT
800,BOR,52.0,SOFT
801,SAI,1.0,MEDIUM
802,SAI,2.0,MEDIUM
803,SAI,3.0,MEDIUM
804,SAI,4.0,MEDIUM
805,SAI,5.0,MEDIUM
806,SAI,6.0,MEDIUM
807,SAI,7.0,MEDIUM
808,SAI,8.0,MEDIUM
809,SAI,9.0,MEDIUM
810,SAI,10.0,MEDIUM
811,SAI,11.0,MEDIUM
812,SAI,12.0,MEDIUM
813,SAI,13.0,MEDIUM
814,SAI,14.0,MEDIUM
815,SAI,15.0,MEDIUM
816,SAI,16.0,MEDIUM
817,SAI,17.0,MEDIUM
818,SAI,18.0,MEDIUM
819,SAI,19.0,MEDIUM
820,SAI,20.0,MEDIUM
821,SAI,21.0,HARD
822,SAI,22.0,HARD
823,SAI,23.0,HARD
824,SAI,24.0,HARD
825,SAI,25.0,HARD
826,SAI,26.0,HARD
827,SAI,27.0,HARD
828,SAI,28.0,HARD
829,SAI,29.0,HARD
830,SAI,30.0,HARD
831,SAI,31.0,HARD
832,SAI,32.0,HARD
833,SAI,33.0,HARD
834,SAI,34.0,HARD
835,SAI,35.0,HARD
836,SAI,36.0,HARD
837,SAI,37.0,HARD
838,SAI,38.0,HARD
839,SAI,39.0,HARD
840,SAI,40.0,HARD
841,SAI,41.0,HARD
842,SAI,42.0,HARD
843,SAI,43.0,HARD
844,SAI,44.0,HARD
845,SAI,45.0,HARD
846,SAI,46.0,HARD
847,SAI,47.0,HARD
848,SAI,48.0,HARD
849,SAI,49.0,SOFT
850,SAI,50.0,SOFT
851,SAI,51.0,SOFT
852,SAI,52.0,SOFT
853,HAD,1.0,MEDIUM
854,HAD,2.0,MEDIUM
855,HAD,3.0,MEDIUM
856,HAD,4.0,MEDIUM
857,HAD,5.0,MEDIUM
858,HAD,6.0,MEDIUM
859,HAD,7.0,MEDIUM
860,HAD,8.0,MEDIUM
861,HAD,9.0,MEDIUM
862,HAD,10.0,MEDIUM
863,HAD,11.0,MEDIUM
864,HAD,12.0,MEDIUM
865,HAD,13.0,MEDIUM
866,HAD,14.0,MEDIUM
867,HAD,15.0,MEDIUM
868,HAD,16.0,MEDIUM
869,HAD,17.0,MEDIUM
870,HAD,18.0,MEDIUM
871,HAD,19.0,MEDIUM
872,HAD,20.0,HARD
873,HAD,21.0,HARD
874,HAD,22.0,HARD
875,HAD,23.0,HARD
876,HAD,24.0,HARD
877,HAD,25.0,HARD
878,HAD,26.0,HARD
879,HAD,27.0,HARD
880,HAD,28.0,HARD
881,HAD,29.0,HARD
882,HAD,30.0,HARD
883,HAD,31.0,HARD
884,HAD,32.0,HARD
885,HAD,33.0,HARD
886,HAD,34.0,HARD
887,HAD,35.0,HARD
888,HAD,36.0,HARD
889,HAD,37.0,HARD
890,HAD,38.0,HARD
891,HAD,39.0,MEDIUM
892,HAD,40.0,MEDIUM
893,HAD,41.0,MEDIUM
894,HAD,42.0,MEDIUM
895,HAD,43.0,MEDIUM
896,HAD,44.0,MEDIUM
897,HAD,45.0,MEDIUM
898,HAD,46.0,MEDIUM
899,HAD,47.0,MEDIUM
900,HAD,48.0,SOFT
901,HAD,49.0,SOFT
902,HAD,50.0,SOFT
903,HAD,51.0,SOFT
904,HAD,52.0,SOFT
905,RUS,1.0,MEDIUM
906,RUS,2.0,MEDIUM
907,RUS,3.0,MEDIUM
908,RUS,4.0,MEDIUM
909,RUS,5.0,MEDIUM
910,RUS,6.0,MEDIUM
911,RUS,7.0,MEDIUM
912,RUS,8.0,MEDIUM
913,RUS,9.0,MEDIUM
914,RUS,10.0,MEDIUM
915,RUS,11.0,MEDIUM
916,RUS,12.0,MEDIUM
917,RUS,13.0,MEDIUM
918,RUS,14.0,MEDIUM
919,RUS,15.0,MEDIUM
920,RUS,16.0,MEDIUM
921,RUS,17.0,MEDIUM
922,RUS,18.0,MEDIUM
923,RUS,19.0,MEDIUM
924,RUS,20.0,MEDIUM
925,RUS,21.0,MEDIUM
926,RUS,22.0,MEDIUM
927,RUS,23.0,MEDIUM
928,RUS,24.0,HARD
929,RUS,25.0,HARD
930,RUS,26.0,HARD
931,RUS,27.0,HARD
932,RUS,28.0,HARD
933,RUS,29.0,HARD
934,RUS,30.0,HARD
935,RUS,31.0,HARD
936,RUS,32.0,HARD
937,RUS,33.0,HARD
938,RUS,34.0,HARD
939,RUS,35.0,MEDIUM
940,RUS,36.0,MEDIUM
941,RUS,37.0,MEDIUM
942,RUS,38.0,MEDIUM
943,RUS,39.0,MEDIUM
944,RUS,40.0,MEDIUM
945,RUS,41.0,MEDIUM
946,RUS,42.0,MEDIUM
947,RUS,43.0,MEDIUM
948,RUS,44.0,MEDIUM
949,RUS,45.0,MEDIUM
950,RUS,46.0,MEDIUM
951,RUS,47.0,MEDIUM
952,RUS,48.0,MEDIUM
953,RUS,49.0,MEDIUM
954,RUS,50.0,MEDIUM
955,RUS,51.0,MEDIUM
956,RUS,52.0,MEDIUM
957,BOT,1.0,MEDIUM
958,BOT,2.0,MEDIUM
959,BOT,3.0,MEDIUM
960,BOT,4.0,MEDIUM
961,BOT,5.0,MEDIUM
962,BOT,6.0,MEDIUM
963,BOT,7.0,MEDIUM
964,BOT,8.0,MEDIUM
965,BOT,9.0,MEDIUM
966,BOT,10.0,MEDIUM
967,BOT,11.0,MEDIUM
968,BOT,12.0,MEDIUM
969,BOT,13.0,MEDIUM
970,BOT,14.0,MEDIUM
971,BOT,15.0,MEDIUM
972,BOT,16.0,MEDIUM
973,BOT,17.0,MEDIUM
974,BOT,18.0,MEDIUM
975,BOT,19.0,MEDIUM
976,BOT,20.0,MEDIUM
977,BOT,21.0,MEDIUM
978,BOT,22.0,MEDIUM
979,BOT,23.0,MEDIUM
980,BOT,24.0,MEDIUM
981,BOT,25.0,MEDIUM
982,BOT,26.0,MEDIUM
983,BOT,27.0,MEDIUM
984,BOT,28.0,MEDIUM
985,BOT,29.0,MEDIUM
986,BOT,30.0,HARD
987,BOT,31.0,HARD
988,BOT,32.0,HARD
989,BOT,33.0,HARD
990,BOT,34.0,HARD
991,BOT,35.0,HARD
992,BOT,36.0,HARD
993,BOT,37.0,HARD
994,BOT,38.0,HARD
995,BOT,39.0,HARD
996,BOT,40.0,HARD
997,BOT,41.0,HARD
998,BOT,42.0,HARD
999,BOT,43.0,HARD
1000,BOT,44.0,HARD
1001,BOT,45.0,HARD
1002,BOT,46.0,HARD
1003,BOT,47.0,SOFT
1004,BOT,48.0,SOFT
1005,BOT,49.0,SOFT
1006,BOT,50.0,SOFT
1007,BOT,51.0,SOFT
1008,BOT,52.0,SOFT
1009,PIA,1.0,MEDIUM
1010,PIA,2.0,MEDIUM
1011,PIA,3.0,HARD
1012,PIA,4.0,HARD
1013,PIA,5.0,HARD
1014,PIA,6.0,HARD
1015,PIA,7.0,HARD
1016,PIA,8.0,HARD
1017,PIA,9.0,HARD
1018,PIA,10.0,HARD
1019,PIA,11.0,HARD
1020,PIA,12.0,HARD
1021,PIA,13.0,HARD
1022,PIA,14.0,HARD
1023,PIA,15.0,HARD
1024,PIA,16.0,HARD
1025,PIA,17.0,HARD
1026,PIA,18.0,HARD
1027,PIA,19.0,HARD
1028,PIA,20.0,HARD
1029,PIA,21.0,HARD
1030,PIA,22.0,HARD
1031,PIA,23.0,HARD
1032,PIA,24.0,HARD
1033,PIA,25.0,HARD
1034,PIA,26.0,HARD
1035,PIA,27.0,HARD
1036,PIA,28.0,HARD
1037,PIA,29.0,HARD
1038,PIA,30.0,HARD
1039,PIA,31.0,HARD
1040,PIA,32.0,HARD
1041,PIA,33.0,HARD
1042,PIA,34.0,HARD
1043,PIA,35.0,HARD
1044,PIA,36.0,HARD
1045,PIA,37.0,MEDIUM
1046,PIA,38.0,MEDIUM
1047,PIA,39.0,MEDIUM
1048,PIA,40.0,MEDIUM
1049,PIA,41.0,MEDIUM
1050,PIA,42.0,MEDIUM
1051,PIA,43.0,MEDIUM
1052,PIA,44.0,MEDIUM
1053,PIA,45.0,MEDIUM
1054,PIA,46.0,MEDIUM
1055,PIA,47.0,MEDIUM
1056,PIA,48.0,SOFT
1057,PIA,49.0,SOFT
1058,PIA,50.0,SOFT
1059,PIA,51.0,SOFT
1060,PIA,52.0,SOFT
1061,BEA,1.0,MEDIUM
1062,BEA,2.0,MEDIUM
1063,BEA,3.0,MEDIUM
1064,BEA,4.0,MEDIUM
1065,BEA,5.0,MEDIUM
1066,BEA,6.0,MEDIUM
1067,BEA,7.0,MEDIUM
1068,BEA,8.0,MEDIUM
1069,BEA,9.0,MEDIUM
1070,BEA,10.0,MEDIUM
1071,BEA,11.0,MEDIUM
1072,BEA,12.0,MEDIUM
1073,BEA,13.0,MEDIUM
1074,BEA,14.0,MEDIUM
1075,BEA,15.0,MEDIUM
1076,BEA,16.0,MEDIUM
1077,BEA,17.0,MEDIUM
1078,BEA,18.0,MEDIUM
1079,BEA,19.0,MEDIUM
1080,BEA,20.0,MEDIUM
1081,BEA,21.0,MEDIUM
1082,BEA,22.0,MEDIUM
1083,BEA,23.0,MEDIUM
1084,BEA,24.0,MEDIUM
1085,BEA,25.0,MEDIUM
1086,BEA,26.0,MEDIUM
1087,BEA,27.0,MEDIUM
1088,BEA,28.0,MEDIUM
1089,BEA,29.0,MEDIUM
1090,BEA,30.0,HARD
1091,BEA,31.0,HARD
1092,BEA,32.0,HARD
1093,BEA,33.0,HARD
1094,BEA,34.0,HARD
1095,BEA,35.0,HARD
1096,BEA,36.0,HARD
1097,BEA,37.0,HARD
1098,BEA,38.0,HARD
1099,BEA,39.0,HARD
1100,BEA,40.0,HARD
1101,BEA,41.0,HARD
1102,BEA,42.0,HARD
1103,BEA,43.0,HARD
1104,BEA,44.0,HARD
1105,BEA,45.0,HARD
1106,BEA,46.0,HARD
1107,BEA,47.0,HARD
1108,BEA,48.0,SOFT
1109,BEA,49.0,SOFT
1110,BEA,50.0,SOFT
1111,BEA,51.0,SOFT
1112,BEA,52.0,SOFT
